Code,Name,Structure type,Category,Description
A,Abilities,Category,Abilities,Innate and developed aptitudes that facilitate the acquisition of knowledge and skills to carry out expected work.
A01,Cognitive Abilities,Sub-Category,Abilities,Abilities that influence the acquisition and application of knowledge in performing various mental processes at work.
A01a,Idea Generation and Reasoning Abilities,Similarity Group,Abilities,
A01a01,Information Ordering,Descriptor,Abilities,"The ability to arrange things or actions in a certain order or pattern according to a specific rule or set of rules (e.g., patterns of numbers, letters, words, pictures, mathematical operations). This descriptor is measured by proficiency level level on a scale of 1-5"
A01a02,Categorization Flexibility,Descriptor,Abilities,The ability to generate or use different sets of rules for combining or grouping things in different ways. This descriptor is measured by proficiency level level on a scale of 1-5
A01a03,Deductive Reasoning,Descriptor,Abilities,The ability to apply general rules to produce logical answers for specific problems. This descriptor is measured by proficiency level level on a scale of 1-5
A01a04,Inductive Reasoning,Descriptor,Abilities,"The ability to combine pieces of information to form general rules or conclusions, which includes finding a relationship among seemingly unrelated events. This descriptor is measured by proficiency level level on a scale of 1-5"
A01a05,Fluency of Ideas,Descriptor,Abilities,The ability to come up with multiple ideas about a topic. This descriptor is measured by proficiency level level on a scale of 1-5
A01a06,Problem Identification,Descriptor,Abilities,"The ability to identify an existing or potential problem. It is not about solving the problem, but only about recognizing its presence. This descriptor is measured by proficiency level level on a scale of 1-5"
A01b,Quantitative Abilities,Similarity Group,Abilities,
A01b01,Numerical Ability,Descriptor,Abilities,"The ability to carry out arithmetical processes accurately such as addition, subtraction, multiplication or division. This descriptor is measured by proficiency level level on a scale of 1-5"
A01b02,Mathematical Reasoning,Descriptor,Abilities,The ability to choose the right mathematical methods or formulas to solve a problem. This descriptor is measured by proficiency level level on a scale of 1-5
A01c,Memory Abilities,Similarity Group,Abilities,
A01c01,Memorizing,Descriptor,Abilities,"The ability to remember information such as words, numbers, pictures, or procedures. This descriptor is measured by proficiency level level on a scale of 1-5"
A01c02,Multitasking,Descriptor,Abilities,"The ability to shift back and forth between two or more activities or sources of information during the same time period (such as speech, sounds, touch, or other sources). This descriptor is measured by proficiency level level on a scale of 1-5"
A01c03,Pattern Identification,Descriptor,Abilities,"The ability to identify or detect a known pattern such as a figure, object, word, or sound that is hidden in other information or material. This descriptor is measured by proficiency level level on a scale of 1-5"
A01c04,Pattern Organization Speed,Descriptor,Abilities,The ability to quickly combine and organize information into meaningful patterns. This descriptor is measured by proficiency level level on a scale of 1-5
A01c05,Perceptual Speed,Descriptor,Abilities,"The ability to compare, quickly and accurately, similarities and differences among sets of letters, numbers, objects, pictures, or patterns. The things to be compared may be presented at the same time, one after the other, or with a remembered object. This descriptor is measured by proficiency level level on a scale of 1-5"
A01d,Spacial Abilities,Similarity Group,Abilities,
A01d01,Spatial Orientation,Descriptor,Abilities,The ability to know your location in relation to the environment or know where objects are in relation to you. This descriptor is measured by proficiency level level on a scale of 1-5
A01d02,Spatial Visualization,Descriptor,Abilities,"The ability to think visually about geometric forms, comprehend the two-dimensional representation of three-dimensional objects and recognize the relationships resulting from the movement of objects in space. This descriptor is measured by proficiency level level on a scale of 1-5"
A01e,Communication Abilities,Similarity Group,Abilities,
A01e01,Verbal Ability,Descriptor,Abilities,"The ability to understand the meaning, precise use, associated ideas, and relationships of spoken words; and to use them in the proper context when presenting information or ideas. This descriptor is measured by proficiency level level on a scale of 1-5"
A01e02,Written Comprehension,Descriptor,Abilities,The ability to read and understand information and ideas presented in written form. This descriptor is measured by proficiency level level on a scale of 1-5
A01e03,Written Expression,Descriptor,Abilities,The ability to communicate information and ideas in writing and adapting the writing style to the audience so that they can understand. This descriptor is measured by proficiency level level on a scale of 1-5
A01f,Other Cognitive Abilities,Similarity Group,Abilities,
A01f01,Selective Attention,Descriptor,Abilities,The ability to concentrate on a task over a period of time without being distracted. This descriptor is measured by proficiency level level on a scale of 1-5
A01f02,Form Perception,Descriptor,Abilities,The ability to perceive pertinent detail in objects and graphic material; to make visual comparisons and discriminations and to see slight differences in shapes and shadings of figures and widths and lengths of lines. This descriptor is measured by proficiency level level on a scale of 1-5
A01f03,General Learning Ability,Descriptor,Abilities,"The ability to ""catch on"" or understand instructions and underlies principles to reason and make judgments. This descriptor is measured by proficiency level level on a scale of 1-5"
A02,Physical Abilities,Sub-Category,Abilities,"Abilities to perform physical activities that require strength, endurance, flexibility, balance or coordination."
A02a,Physical Strength Abilities,Similarity Group,Abilities,
A02a01,Trunk Strength,Descriptor,Abilities,"The ability to exert your abdominal and lower back muscles to support part of the body repeatedly or continuously over time without ""giving out"" or fatiguing. This descriptor is measured by proficiency level level on a scale of 1-5"
A02a02,Static Strength,Descriptor,Abilities,"The ability to exert muscle force to lift, push, pull, carry, or transfer objects. This descriptor is measured by proficiency level level on a scale of 1-5"
A02a03,Dynamic Strength,Descriptor,Abilities,The ability to exert muscle force repeatedly or continuously over time. This involves muscular endurance and resistance to muscle fatigue. This descriptor is measured by proficiency level level on a scale of 1-5
A02a04,Explosive Strength,Descriptor,Abilities,"The ability to exert short bursts of muscle force to propel oneself (as in jumping or sprinting), to throw an object, or to apply force with a tool. This descriptor is measured by proficiency level level on a scale of 1-5"
A02b,"Flexibility, Balance, and Coordination",Similarity Group,Abilities,
A02b01,Multi-Limb Coordination,Descriptor,Abilities,"The ability to coordinate two or more limbs, such as two arms, two legs, or one leg and one arm, while sitting, standing, or lying down. It does not involve performing the activities while the whole body is in motion. This descriptor is measured by proficiency level level on a scale of 1-5"
A02b02,Gross Body Coordination,Descriptor,Abilities,"The ability to coordinate the movement of your arms, legs, and torso together when the whole body is in motion. This descriptor is measured by proficiency level level on a scale of 1-5"
A02b03,Gross Body Equilibrium,Descriptor,Abilities,The ability to keep or regain your body balance or stay upright when in an unstable position. This descriptor is measured by proficiency level level on a scale of 1-5
A02b04,Body Flexibility,Descriptor,Abilities,"The ability to bend, stretch, twist, or reach with your body, arms, and/or legs. This descriptor is measured by proficiency level level on a scale of 1-5"
A02b05,Dynamic Flexibility,Descriptor,Abilities,"The ability to quickly and repeatedly bend, stretch, twist, or reach out with your body, arms, and/or legs. This descriptor is measured by proficiency level level on a scale of 1-5"
A02c,Endurance,Similarity Group,Abilities,
A02c01,Stamina,Descriptor,Abilities,The ability to perform intense physical activities over long periods without becoming winded or out of breath. This descriptor is measured by proficiency level level on a scale of 1-5
A03,Psychomotor Abilities,Sub-Category,Abilities,Abilities needed to manipulate and control objects.
A03a,Fine Manipulative Abilities,Similarity Group,Abilities,
A03a01,Arm-Hand Steadiness,Descriptor,Abilities,The ability to keep your hand and arm steady while moving or holding them in one position. This descriptor is measured by proficiency level level on a scale of 1-5
A03a02,Finger Dexterity,Descriptor,Abilities,"The ability to make precisely coordinated movements of the fingers of one or both hands to grasp, manipulate, or assemble small objects. This descriptor is measured by proficiency level level on a scale of 1-5"
A03a03,Manual Dexterity,Descriptor,Abilities,"The ability to move your hand, your hand together with your arm, or your two hands to grasp, manipulate, or assemble objects or tools. This descriptor is measured by proficiency level level on a scale of 1-5"
A03b,Control Movement Abilities,Similarity Group,Abilities,
A03b01,Motor Coordination,Descriptor,Abilities,"The ability to coordinate eyes, hands and fingers accurately to respond with precise movements. This descriptor is measured by proficiency level level on a scale of 1-5"
A03b02,Rate Control,Descriptor,Abilities,The ability to time your movements or the movement of a piece of equipment in anticipation of changes in the speed and/or direction of a moving object. This descriptor is measured by proficiency level level on a scale of 1-5
A03b03,Control of Settings,Descriptor,Abilities,The ability to adjust the controls of a machine or a vehicle to exact positions. This descriptor is measured by proficiency level level on a scale of 1-5
A03b04,Multi-Signal Response,Descriptor,Abilities,"The ability to choose quickly between one or more movements with the hand, finger, or foot in response to the appearance of two or more different signals such as lights, sounds, or images. This descriptor is measured by proficiency level level on a scale of 1-5"
A03c,Reaction Time and Speed Abilities,Similarity Group,Abilities,
A03c01,Reaction Time,Descriptor,Abilities,"The ability to respond quickly with one or more limbs to a stimulus such as noise, light or image. This descriptor is measured by proficiency level level on a scale of 1-5"
A03c02,Speed of Limb Movement,Descriptor,Abilities,The ability to quickly move the arms and legs. This descriptor is measured by proficiency level level on a scale of 1-5
A03c03,Finger-Hand-Wrist Motion,Descriptor,Abilities,"The ability to make fast, simple, and repeated movements of the fingers, hands, and wrists. This descriptor is measured by proficiency level level on a scale of 1-5"
A04,Sensory Abilities,Sub-Category,Abilities,"Abilities needed to perform activities that require visual, auditory, tactile, olfactory or speech perception."
A04a,Auditory and Speech Abilities,Similarity Group,Abilities,
A04a01,Auditory Attention,Descriptor,Abilities,The ability to give full attention on a single source of sound in the presence of other distracting sounds. This descriptor is measured by proficiency level level on a scale of 1-5
A04a02,Hearing Sensitivity,Descriptor,Abilities,The ability to detect or distinguish the differences between sounds in terms of pitch and volume. This descriptor is measured by proficiency level level on a scale of 1-5
A04a03,Speech Clarity,Descriptor,Abilities,"The ability to articulate and pronounce words clearly, so others can understand you when you speak. This descriptor is measured by proficiency level level on a scale of 1-5"
A04a04,Speech Recognition,Descriptor,Abilities,The ability to identify and understand the speech of another person. This descriptor is measured by proficiency level level on a scale of 1-5
A04a05,Sound Localization,Descriptor,Abilities,"The ability to identify the direction, origin and distance from which a sound comes. This descriptor is measured by proficiency level level on a scale of 1-5"
A04b,Visual Abilities,Similarity Group,Abilities,
A04b01,Far Vision,Descriptor,Abilities,The ability to see details of objects and people at a distance. This descriptor is measured by proficiency level level on a scale of 1-5
A04b02,Near Vision,Descriptor,Abilities,The ability to see details at close range. This descriptor is measured by proficiency level level on a scale of 1-5
A04b03,Peripheral Vision,Descriptor,Abilities,"The ability to see objects, people, or their movement in the peripheral field of vision when looking ahead. This descriptor is measured by proficiency level level on a scale of 1-5"
A04b04,Depth Perception,Descriptor,Abilities,"The ability to discern which of several objects is closer or farther away from you, or to estimate the distance between you and an object. This descriptor is measured by proficiency level level on a scale of 1-5"
A04b05,Glare Tolerance,Descriptor,Abilities,"The ability to see objects or people, in the presence of glare or bright lighting. This descriptor is measured by proficiency level level on a scale of 1-5"
A04b06,Night Vision,Descriptor,Abilities,The ability to see under low light conditions. This descriptor is measured by proficiency level level on a scale of 1-5
A04c,Other Sensory Abilities,Similarity Group,Abilities,
A04c01,Colour Perception,Descriptor,Abilities,"The ability to match or detect differences or similarities between colours, including shades of colour and brightness. This descriptor is measured by proficiency level level on a scale of 1-5"
A04c02,Smell,Descriptor,Abilities,The ability to perceive odours through the nose. This descriptor is measured by proficiency level level on a scale of 1-5
A04c03,Taste,Descriptor,Abilities,The ability to recognize or verify a particular flavor of a substance by tasting it. This descriptor is measured by proficiency level level on a scale of 1-5
A04c04,Touch,Descriptor,Abilities,The ability to acquire information about the environment through skin contact. This descriptor is measured by proficiency level level on a scale of 1-5
B,Personal Attributes,Category,Personal Attributes,Personal characteristics that are innate and developed through the social context and personal experiences to which the individual is exposed. These qualities influence the way one is and does things and are considered valuable assets for work performance.
B01,Social Traits,Sub-Category,Personal Attributes,The personal characteristics related to the positive attitudes one has toward other people that most often lead to positive relationships.
B01a,Social Influence,Similarity Group,Personal Attributes,
B01a01,Leadership,Descriptor,Personal Attributes,"The quality of leading others towards a common goal by guiding, influencing, and inspiring them. This descriptor is measured by importance on a scale of 1-5."
B01a02,Charisma,Descriptor,Personal Attributes,"The quality of possessing charm, attracting and arousing the interest, attention, or admiration of others through speeches, attitudes, temperament, or actions. This descriptor is measured by importance on a scale of 1-5."
B01b,Interpersonal Orientation,Similarity Group,Personal Attributes,
B01b01,Concern for Others,Descriptor,Personal Attributes,The quality of having empathy towards others' feelings and needs and being understanding and helpful. This descriptor is measured by importance on a scale of 1-5.
B01b02,Collaboration,Descriptor,Personal Attributes,The quality of contributing and working cooperatively while being supportive and inclusive of others to achieve a common goal. This descriptor is measured by importance on a scale of 1-5.
B01b03,Service Orientation,Descriptor,Personal Attributes,"The quality of actively looking for ways to help, serve, or assist others. This descriptor is measured by importance on a scale of 1-5."
B01b04,Trust in Others,Descriptor,Personal Attributes,The quality of establishing and maintaining a relationship of trust with the people around you. This descriptor is measured by importance on a scale of 1-5.
B01b05,Social Orientation,Descriptor,Personal Attributes,The quality of seeking to work with others and relating to them on the job. This descriptor is measured by importance on a scale of 1-5.
B02,Self-Improvement,Sub-Category,Personal Attributes,"The personal characteristics related to the improvement of one's knowledge, status, or character by one's own efforts."
B02a,Adjustment,Similarity Group,Personal Attributes,
B02a01,Adaptability,Descriptor,Personal Attributes,The quality of adapting oneself to expected or unexpected changes and different situations while continuing to achieve past or renewed goals. This descriptor is measured by importance on a scale of 1-5.
B02a02,Self-Control,Descriptor,Personal Attributes,"The quality of maintaining composure, keeping emotions in check, controlling anger, and avoiding aggressive behaviour, even in very difficult situations. This descriptor is measured by importance on a scale of 1-5."
B02a03,Stress Tolerance,Descriptor,Personal Attributes,"The quality of being able to remain calm, without being carried away by stress situations and to deal effectively with such situations. This descriptor is measured by importance on a scale of 1-5."
B02a04,Tolerance of Ambiguity,Descriptor,Personal Attributes,"The quality of being able to function in an environment where there is uncertainty, unpredictability, conflicting directions or multiple demands and to approach these situations as challenges to improve. This descriptor is measured by importance on a scale of 1-5."
B02a05,Resilience,Descriptor,Personal Attributes,"The quality of recovering from difficulties or changes, one has had to face, to bounce back and then move forward. This descriptor is measured by importance on a scale of 1-5."
B02b,Self-Reflective Orientation,Similarity Group,Personal Attributes,
B02b01,Self-Awareness,Descriptor,Personal Attributes,"The quality of being aware of own personality, character, and feelings including strengths, weaknesses, thoughts, behaviors, beliefs, motivation, and emotions. This descriptor is measured by importance on a scale of 1-5."
B02b02,Self-Confidence,Descriptor,Personal Attributes,"The quality of trust in one’s ability to achieve goals, believing in one’s potential and abilities, and knowing that one is capable of achieving goals when facing challenges. This descriptor is measured by importance on a scale of 1-5."
B02c,Learning Orientation,Similarity Group,Personal Attributes,
B02c01,Active Learning,Descriptor,Personal Attributes,Pro-actively looking to understand the implications of new information in the current and changing workplace. This descriptor is measured by importance on a scale of 1-5.
B02c02,Continuous Learning,Descriptor,Personal Attributes,"Wanting to continuously develop and improve one's skills, abilities and knowledge in order to adapt to changes and work effectively. This descriptor is measured by importance on a scale of 1-5."
B03,Results-Based Attributes,Sub-Category,Personal Attributes,The personal characteristics related to the drivers around brining things to completion.
B03a,Action-Oriented,Similarity Group,Personal Attributes,
B03a01,Achievement,Descriptor,Personal Attributes,The quality of establishing and maintaining goals and exerting all effort to accomplish them successfully. This descriptor is measured by importance on a scale of 1-5.
B03a02,Initiative,Descriptor,Personal Attributes,"The quality of taking on responsibilities and challenges, proposing, doing or organizing something by oneself without being prompted by others. This descriptor is measured by importance on a scale of 1-5."
B03a03,Motivation,Descriptor,Personal Attributes,"The quality of being driven by interest, need, reason or reward to achieve something or to reach a set outcome. This descriptor is measured by importance on a scale of 1-5."
B03a04,Perseverance,Descriptor,Personal Attributes,"The quality of voluntarily and deliberately putting forth the effort required by a task or activity despite difficulties, failure or obstacles. This descriptor is measured by importance on a scale of 1-5."
B03a05,Risk-Taking,Descriptor,Personal Attributes,"The quality of being willing to make a risky choice, with regard for the consequences, in the hope of achieving a desired results or benefit in return. This descriptor is measured by importance on a scale of 1-5."
B03a06,Competitiveness,Descriptor,Personal Attributes,The quality of being driven by a deep desire to be as good as or better than others to perform well in a comparable context. This descriptor is measured by importance on a scale of 1-5.
B03a07,Independence,Descriptor,Personal Attributes,"The quality of developing one's own way of doing things, guiding oneself with little or no supervision, and depending on oneself to get things done. This descriptor is measured by importance on a scale of 1-5."
B04,Professional Conscientiousness,Sub-Category,Personal Attributes,The personal characteristics related to the drivers around fulfilling commitments.
B04a,Sense of Responsibility,Similarity Group,Personal Attributes,
B04a01,Reliable,Descriptor,Personal Attributes,The quality of being dependable and respectful of commitments. This descriptor is measured by importance on a scale of 1-5.
B04a02,Integrity,Descriptor,Personal Attributes,"The quality of being honest, ethical, and authentic. This descriptor is measured by importance on a scale of 1-5."
B04a03,Being Responsible,Descriptor,Personal Attributes,The quality of taking responsibility for one’s own actions and the actions of a group. This descriptor is measured by importance on a scale of 1-5.
B05,Dynamic Thinking,Sub-Category,Personal Attributes,The personal characteristics related to bubbling ideas and critical thinking.
B05a,Practical Thinking,Similarity Group,Personal Attributes,
B05a01,Having Judgement,Descriptor,Personal Attributes,The quality of forming an opinion consistent with common sense based on an assessment of an event or fact. This descriptor is measured by importance on a scale of 1-5.
B05a02,Analytical Thinking,Descriptor,Personal Attributes,The quality of analyzing information and using logic to address issues and problems. This descriptor is measured by importance on a scale of 1-5.
B05a03,Attention to Detail,Descriptor,Personal Attributes,The quality of being meticulous in the execution of tasks. This descriptor is measured by importance on a scale of 1-5.
B05b,Unconventional Thinking,Similarity Group,Personal Attributes,
B05b01,Creativity,Descriptor,Personal Attributes,"The quality of coming up with unusual or clever ideas about a given topic or situation, or to develop original ways to solve a problem. This descriptor is measured by importance on a scale of 1-5."
B05b02,Innovativeness,Descriptor,Personal Attributes,The quality of alternative thinking to develop new products or services to make improvement or to develop a new approach. This descriptor is measured by importance on a scale of 1-5.
B05b03,Entrepreneurial Spirit,Descriptor,Personal Attributes,The quality of identifying and seizing opportunities and moving from idea to achievement. This descriptor is measured by importance on a scale of 1-5.
C,Interests,Category,Interests,Preferences for work environments and outcomes.
C01,Holland Codes,Sub-Category,Interests,"Holland codes, also referred to as RIASEC codes, refer to John L. Holland's six interest personality types. Each of them are characterized by the dominant activities, preferences and interests most often expected."
C01a,Interests - Holland Codes,Similarity Group,Interests,
C01a01,Realistic,Descriptor,Interests,"Realistic occupations are characterized by the dominance of activities that entail the explicit, ordered or systematic manipulation of objects, tools, machines and animals. Many of these occupations do not involve a lot of paperwork or working closely with others."
C01a02,Investigative,Descriptor,Interests,"Investigative occupations are characterized by the dominance of activities that entail the observation and systematic or creative investigation of physical, biological, or cultural phenomena. These occupations require an extensive amount of thinking and frequently involve working with ideas, searching for facts and figuring out problems mentally."
C01a03,Artistic,Descriptor,Interests,"Artistic occupations are characterized by the dominance of activities that entail artistic expression to create, compose or produce visual, performing, literary or applied art. These occupations frequently involve working with forms, designs and patterns and often require self-expression and the accomplishment of work without following a clear set of rules."
C01a04,Social,Descriptor,Interests,"Social occupations are characterized by the dominance of activities that entail the interaction with others to inform, train, aid, develop, cure, or enlighten.  These occupations often involve helping or providing service to others, teaching, working or communicating with people."
C01a05,Enterprising,Descriptor,Interests,"Enterprising occupations are characterized by the dominance of action-oriented activities to attain organizational or self-interest goals.  They frequently involve starting up and carrying out projects, influencing, leading or mobilizing people, making decisions, and sometimes require risk taking and dealing with business."
C01a06,Conventional,Descriptor,Interests,"Conventional occupations are characterized by the dominance of activities that entail following sets of procedures and routines. These activities may include systematic manipulation of data, such as keeping records, filing materials, reproducing materials, organizing written and numerical data according to a prescribed plan, and operating business and data processing. They often require following a clear line of authority and usually involve working with data and details more than with ideas."
F,Skills,Category,Skills,"Developed capabilities that an individual must have to be effective in a job, role, function, task or duty."
F01,Foundational Skills,Sub-Category,Skills,Developed capabilities that facilitate the more rapid acquisition of other skills and knowledge.
F01a,Verbal Skills,Similarity Group,Skills,
F01a01,Oral Communication: Active Listening,Descriptor,Skills,"The capability to give full attention to what other people are saying, take time to understand the points being made, ask questions as appropriate, and not interrupt at inappropriate times. This descriptor is measured by proficiency level on a scale of 1-5."
F01a02,Oral Communication: Oral Comprehension,Descriptor,Skills,The capability to listen to and understand information and ideas presented through spoken words and sentences. This descriptor is measured by proficiency level on a scale of 1-5.
F01a03,Oral Communication: Oral Expression,Descriptor,Skills,The capability to talk to others to convey information effectively. This descriptor is measured by proficiency level on a scale of 1-5.
F01b,Reading and Writing SkillsF.01.b.01,Similarity Group,Skills,
F01b01,Reading Comprehension,Descriptor,Skills,"The capability to understand written information presented through words, sentences, paragraphs, symbols, and images in work-related documents. This descriptor is measured by proficiency level on a scale of 1-5."
F01b02,Writing,Descriptor,Skills,"The capability to communicate in writing by using written words, sentences, paragraphs, symbols, and images and adapted for the needs of the audience. This descriptor is measured by proficiency level on a scale of 1-5."
F01c,Mathematical Skills,Similarity Group,Skills,
F01c01,Numeracy,Descriptor,Skills,"The capability to understand, use and report numbers and other mathematical information presented through words, numbers, symbols, and graphics. This descriptor is measured by proficiency level on a scale of 1-5."
F01c02,Digital Literacy,Descriptor,Skills,"The capability to understand and use digital devices and tools to obtain, exchange, create or process digital information in a secure manner. This descriptor is measured by proficiency level on a scale of 1-5."
F02,Analytical Skills,Sub-Category,Skills,Developed capability that people need to process information and data logically to produce useable results.
F02a,Process Analysis Skills,Similarity Group,Skills,
F02a01,Critical Thinking,Descriptor,Skills,"The capability to use logic and reasoning to question, discern, interpret and analyze various types of information to form an evidence-based conclusion or judgment. This descriptor is measured by proficiency level on a scale of 1-5."
F02a02,Learning and Teaching Strategies,Descriptor,Skills,The capability to select and use training/instructional methods and procedures appropriate for the situation when learning or teaching new things. This descriptor is measured by proficiency level on a scale of 1-5.
F02a03,Decision Making,Descriptor,Skills,"The capability to analyze information among a set of alternatives, to evaluate potential outcome and choose the most appropriate solutions to achieve a predetermined objective. This descriptor is measured by proficiency level on a scale of 1-5."
F02b,Operations and Systems Analysis Skills,Similarity Group,Skills,
F02b01,Evaluation,Descriptor,Skills,"The capability to systematically assess products, services or processes using measurable indicators with the goal of ensuring or improving performance. This descriptor is measured by proficiency level on a scale of 1-5."
F02b02,Requirements Analysis,Descriptor,Skills,The capability to analyze needs and product requirements to create a design. This descriptor is measured by proficiency level on a scale of 1-5.
F02b03,Systems Analysis,Descriptor,Skills,"The capability to determine how a system should work and how changes in conditions, operations, and the environment will affect outcomes. This descriptor is measured by proficiency level on a scale of 1-5."
F02b04,Researching and Investigating,Descriptor,Skills,"The capability to conduct studies and to examine information and data to increase knowledge, understand facts, find causes, test hypotheses and draw conclusions or make recommendations. This descriptor is measured by proficiency level on a scale of 1-5."
F02b05,Problem Solving,Descriptor,Skills,The capability to identify problems and review related information to develop solutions or feasible options to achieve the desired end state. This descriptor is measured by proficiency level on a scale of 1-5.
F03,Technical Skills,Sub-Category,Skills,"Developed capabilities that relate to the practical or mechanical side of an activity, the application of a set of technical processes and required know-how."
F03a,Technical Skills,Similarity Group,Skills,
F03a01,Equipment and Tool Selection,Descriptor,Skills,"The capability to choose between two or more types of tools, equipment or, machinery to perform a job. This descriptor is measured by proficiency level on a scale of 1-5."
F03a02,Preventative Maintenance,Descriptor,Skills,"The capability to perform maintenance on equipment, devices, building or machinery to keep them in functional and to prevent damage or failures. This descriptor is measured by proficiency level on a scale of 1-5."
F03a03,Setting Up,Descriptor,Skills,"The capability to set up, adjust, install and assemble equipment, machines, parts or to prepare them for their functioning and use. This descriptor is measured by proficiency level on a scale of 1-5."
F03a04,Operation and Control,Descriptor,Skills,"The capability to maneuver and control operations of equipment, machines, vehicles or systems. This descriptor is measured by proficiency level on a scale of 1-5."
F03a05,Operation Monitoring of Machinery and Equipment,Descriptor,Skills,"The capability to watch gauges, dials, digital displays or other indicators to ensure a machine or piece of equipment is working according to specifications. This descriptor is measured by proficiency level on a scale of 1-5."
F03a06,Troubleshooting,Descriptor,Skills,"The capability to determine causes of operating errors in equipment, machinery, or technological systems and decide how to resolve the issues. This descriptor is measured by proficiency level on a scale of 1-5."
F03a07,Repairing,Descriptor,Skills,"The capability to replace, restore or adjust  defective or deficient components in equipment, machines, and technical systems and test for function, appearance, operation and safety. This descriptor is measured by proficiency level on a scale of 1-5."
F03a08,Quality Control Testing,Descriptor,Skills,"The capability to conduct tests or inspections of prototypes, products, services, or processes to ensure their quality. This descriptor is measured by proficiency level on a scale of 1-5."
F03a09,Product Design,Descriptor,Skills,"The capacity to design and develop layouts for the construction of objects, equipment, machinery, structures, or engineering systems (excluding software and hardware). This descriptor is measured by proficiency level on a scale of 1-5."
F03a10,Digital Production,Descriptor,Skills,"The capacity to design, develop, adapt, or integrate hardware, software applications, electronic devices or digital technologies while adhering to cybersecurity standards. This descriptor is measured by proficiency level on a scale of 1-5."
F04,Resource Management Skills,Sub-Category,Skills,"Developed capabilities to plan, organize, monitor or control the resources to achieve goals."
F04a,Resource Management Skills,Similarity Group,Skills,
F04a01,Management of Financial Resources,Descriptor,Skills,"The capability to plan, organize, direct, control or monitor financial resources and activities and account for the use of theses resources to ensure their utilization are conform to the objectives and purposes. This descriptor is measured by proficiency level on a scale of 1-5."
F04a02,Management of Material Resources,Descriptor,Skills,"The capability to plan and manage the purchase, inventory, warehousing, transportation, or distribution of products or materials and their use. This descriptor is measured by proficiency level on a scale of 1-5."
F04a03,Management of Personnel Resources,Descriptor,Skills,"The capability to recruit, train, motivate, develop and direct employees, identify the best person for the tasks to be performed and establish their work objectives in relation to the objectives of the organization. This descriptor is measured by proficiency level on a scale of 1-5."
F04b,Planning Skills,Similarity Group,Skills,
F04b01,Operational Planning,Descriptor,Skills,"The capability to determine phases and steps, define activities and tasks, and establish schedules to complete objectives on time and within budget. This descriptor is measured by proficiency level on a scale of 1-5."
F04b02,Projecting Outcomes,Descriptor,Skills,"The capability to estimate, predict and forecast results and outcomes of an action or a series of actions based on data and indicators. This descriptor is measured by proficiency level on a scale of 1-5."
F04b03,Risk Management,Descriptor,Skills,The capability to identify and assess risks and determine procedures to be followed to reduce or avoid their impact. This descriptor is measured by proficiency level on a scale of 1-5.
F04b04,Strategic Planning,Descriptor,Skills,"The capability set goals according to organization’s needs, to develop strategies, and action plans to achieve. This descriptor is measured by proficiency level on a scale of 1-5."
F04b05,Time Management,Descriptor,Skills,The capability to manage one's own time and the time of others. This descriptor is measured by proficiency level on a scale of 1-5.
F04c,Monitoring,Similarity Group,Skills,
F04c01,Monitoring,Descriptor,Skills,"The capability to monitor and assess the performance of yourself, other individuals or the organization to make improvements or take corrective action. This descriptor is measured by proficiency level on a scale of 1-5."
F04d,Change Management and Crisis Management Skills,Similarity Group,Skills,
F04d01,Change Management,Descriptor,Skills,"The capability to plan and implement strategies for effecting change, communicate the effects of change, and provide guidance and support to those affected by change. This descriptor is measured by proficiency level on a scale of 1-5."
F04d02,Crisis Management,Descriptor,Skills,"The capability to establish a response plan for emergencies, to apply it and adapt it to situations while limiting the impact on people, customers, employees and the organisation. This descriptor is measured by proficiency level on a scale of 1-5."
F05,Interpersonal Skills,Sub-Category,Skills,Developed capabilities used to work with people to achieve goals.
F05a,Interpersonal Skills,Similarity Group,Skills,Developed capabilities used to work with people to achieve goals.
F05a01,Coordinating,Descriptor,Skills,The capability to organize people or groups by adjusting activities in relation to others' activities so that they work effectively as a whole. This descriptor is measured by proficiency level on a scale of 1-5.
F05a02,Instructing,Descriptor,Skills,"The capability to teach others knowledge, or how to do something. This descriptor is measured by proficiency level on a scale of 1-5."
F05a03,Negotiating,Descriptor,Skills,"The capability to participate in, or facilitate communication between parties, in order to resolve differences, and reach a mutually acceptable or viable  agreement. This descriptor is measured by proficiency level on a scale of 1-5."
F05a04,Persuading,Descriptor,Skills,"The capability to convince others to change their minds, beliefs, intentions or behaviours. This descriptor is measured by proficiency level on a scale of 1-5."
F05a05,Social Perceptiveness,Descriptor,Skills,"The capability to be aware of others' reactions, unspoken communication, body language cues and feelings and discern the reasons behind their behaviours. This descriptor is measured by proficiency level on a scale of 1-5."
F05a06,Cross-Cultural Sensitivity,Descriptor,Skills,"The capability to communicate, interact and work appropriately with people from different cultural backgrounds, in recognition that diversity is being both between and within cultural groups and can be expressed in customs, values, and ways of thinking and acting. This descriptor is measured by proficiency level on a scale of 1-5."
F05a07,Managing Conversation,Descriptor,Skills,The capability to lead and facilitate dialogue between two or more people. This descriptor is measured by proficiency level on a scale of 1-5.
G,Knowledge,Category,Knowledge,Organized sets of principles and practices used for the execution of tasks and activities within a particular domain.
G01,Administration and Management,Sub-Category,Knowledge,Organized set of principles and practices relating to administration and management domains.
G01a,Administration and Management,Similarity Group,Knowledge,
G01a01,Accounting,Descriptor,Knowledge,"Knowledge of concepts, principles, methods and practices for budgeting, storing, tracking, controlling, analyzing, and reporting on financial transactions. This descriptor is measured by knowledge level on a scale of 1-3."
G01a02,Business Management,Descriptor,Knowledge,"Knowledge of concepts, principles and practices of managing business operations such as strategic planning, resource allocation, production management, and coordination of people and activities. This descriptor is measured by knowledge level on a scale of 1-3."
G01a03,Clerical,Descriptor,Knowledge,"Knowledge of administrative concepts, principles, methods, procedures and practices for the functioning of the daily office operations. This descriptor is measured by knowledge level on a scale of 1-3."
G01a04,Finance,Descriptor,Knowledge,"Knowledge of concepts, principles, methods and practices related to financial operations, systems and institutions. This descriptor is measured by knowledge level on a scale of 1-3."
G01a05,Human Resources and Labour relations,Descriptor,Knowledge,"Knowledge of concepts, principles, procedures and practices for personnel recruitment, selection, hiring, training, deploying, compensation and benefits, labour relations and negotiation, and personnel information systems. This descriptor is measured by knowledge level on a scale of 1-3."
G01a06,Sale and Marketing,Descriptor,Knowledge,"Knowledge of concepts, principles, techniques, practices and tools for determining consumer behaviour and needs, developing business opportunities and promoting and selling products and services. This descriptor is measured by knowledge level on a scale of 1-3."
G01a07,Client Service,Descriptor,Knowledge,"Knowledge of concepts, principles, and practices of providing services and support to satisfy clients' requirements and needs. This descriptor is measured by knowledge level on a scale of 1-3."
G02,Communication,Sub-Category,Knowledge,Organized set of principles and practices relating to communication domains.
G02a,Communication,Similarity Group,Knowledge,
G02a01,Communications and Media,Descriptor,Knowledge,"Knowledge of concepts, principles, methods and techniques of creation, production, distribution or dissemination of written, oral, audiovisual or visual communications. This descriptor is measured by knowledge level on a scale of 1-3."
G03,Education,Sub-Category,Knowledge,Organized set of principles and practices relating to education domains.
G03a,Education,Similarity Group,Knowledge,
G03a01,Teaching,Descriptor,Knowledge,"Knowledge of the concepts, principles, methods and practices of instructing individuals and groups, designing educational curriculum and measuring learning outcome. This descriptor is measured by knowledge level on a scale of 1-3."
G03a02,"Training, Mentoring and Coaching",Descriptor,Knowledge,"Knowledge of concepts and principles of learning and readiness to learn, and of methods for guiding, advising, directing and supporting career or personal goals for the individuals or groups to gain experience and improve competencies. This descriptor is measured by knowledge level on a scale of 1-3."
G04,Health and Wellbeing,Sub-Category,Knowledge,Organized set of principles and practices relating to health and wellbeing domains.
G04a,Health and Wellbeing,Similarity Group,Knowledge,
G04a01,Hospitality,Descriptor,Knowledge,"Knowledge of concepts, principles, techniques and tools or equipment for managing facilities and providing food, accommodation or tourism services with the focus on client experience. This descriptor is measured by knowledge level on a scale of 1-3."
G04a02,Mental Health,Descriptor,Knowledge,"Knowledge of concepts, principles, methods, and procedures for assessment, diagnosis, treatment, rehabilitation, counseling or guidance to address neurological and cognitive processes, behaviours, and disorders or to maintain balanced mental health and well-being. This descriptor is measured by knowledge level on a scale of 1-3."
G04a03,Personal Services,Descriptor,Knowledge,"Knowledge of concepts, principles, techniques and tools for providing services of personal nature related to body care, childcare and other in-home services. This descriptor is measured by knowledge level on a scale of 1-3."
G04a04,Physical Health,Descriptor,Knowledge,"Knowledge of concepts and principles of the human anatomy, organic systems, biomedical sciences, genetics, and of procedures, techniques and tools needed to diagnose and treat injuries and diseases, to restore and maintain physical health by the prevention and treatment. This descriptor is measured by knowledge level on a scale of 1-3."
G04a05,"Recreation, Leisure and Fitness",Descriptor,Knowledge,"Knowledge of concepts, principles, practices, and equipment for physical fitness and for managing and providing recreational, leisure and fitness program or services. This descriptor is measured by knowledge level on a scale of 1-3."
G04a06,Veterinarian and Animal Care,Descriptor,Knowledge,"Knowledge of concepts, principles, practices, techniques and tools for the prevention, care, diagnostics, and treatment of diseases, disorders and injuries, and the maintenance of wellbeing of animals. This descriptor is measured by knowledge level on a scale of 1-3."
G05,"Law, Government and Safety",Sub-Category,Knowledge,"Organized set of principles and practices relating to law, government and safety."
G05a,"Law, Government and Safety",Similarity Group,Knowledge,
G05a01,Military,Descriptor,Knowledge,"Knowledge of organisations, structures, practices and strategies related to defence, security, intelligence and peacekeeping missions. This descriptor is measured by knowledge level on a scale of 1-3."
G05a02,Law,Descriptor,Knowledge,"Knowledge of concepts, principles, functioning and processes of the provincial-territorial, federal or international legal systems for the establishment, implementation and application of laws, legal codes and documents, and court procedures. This descriptor is measured by knowledge level on a scale of 1-3."
G05a03,Public Affairs and Government Relations,Descriptor,Knowledge,"Knowledge of concepts, principles, processes, and functioning of governments and political systems for the establishment and implementation of policies, rules, regulations, and executive orders. This descriptor is measured by knowledge level on a scale of 1-3."
G05a04,Public Safety and Security,Descriptor,Knowledge,"Knowledge of concepts, principles, regulations, procedures and practices of public safety and security operations and systems for the protection of people, data and properties. This descriptor is measured by knowledge level on a scale of 1-3."
G06,"Logistics, Design and Evaluation",Sub-Category,Knowledge,"Organized set of principles and practices relating to logistics, design and evaluation domains."
G06a,"Logistics, Design and Evaluation",Similarity Group,Knowledge,
G06a01,"Manufacturing, Processing and Production",Descriptor,Knowledge,"Knowledge of concepts, principles, methods and techniques of production and transformation, including manual and mechanical processes. This descriptor is measured by knowledge level on a scale of 1-3."
G06a02,Logistics,Descriptor,Knowledge,"Knowledge of concepts, principles, infrastructures and processes for planning, organizing and coordinating the transportation of people and animals or for the acquisition, transportation, and storage of goods and resources. This descriptor is measured by knowledge level on a scale of 1-3."
G06a03,Performance Measurement,Descriptor,Knowledge,"Knowledge of concepts, principles, methods, practices and strategies of monitoring the development, delivery and quality of products, programs or services. This descriptor is measured by knowledge level on a scale of 1-3."
G06a04,Technical Design,Descriptor,Knowledge,"Knowledge of technical design concepts, principles, methods, techniques, and tools involved in the creation and production of technical plans, blueprints, drawings or models. This descriptor is measured by knowledge level on a scale of 1-3."
G07,Natural Resources,Sub-Category,Knowledge,Organized set of principles and practices relating to natural resources domains.
G07a,Natural Resources,Similarity Group,Knowledge,
G07a01,Agriculture and Horticulture,Descriptor,Knowledge,"Knowledge of concepts, principles, techniques, materials, and equipment for planting, growing, harvesting, storing or preserving plants and plant-sourced food products. This descriptor is measured by knowledge level on a scale of 1-3."
G07a02,Forestry,Descriptor,Knowledge,"Knowledge of concepts, principles, techniques, materials, and equipment for sourcing, processing, and managing harvested forestry resources, and monitoring and preserving sustainable forestry resources. This descriptor is measured by knowledge level on a scale of 1-3."
G07a03,Geological Resources,Descriptor,Knowledge,"Knowledge of concepts, principles, techniques, materials, and equipment for sourcing, processing, managing, monitoring or preserving mineral and metals resources. This descriptor is measured by knowledge level on a scale of 1-3."
G07a04,"Livestock, Farm Animals & Wildlife",Descriptor,Knowledge,"Knowledge of concepts, principles, techniques, materials, and equipment for sourcing, raising, fishing, hunting, managing, monitoring, or preserving stored sustainable animal resources and  wildlife conservation. This descriptor is measured by knowledge level on a scale of 1-3."
G07a05,Water Resources,Descriptor,Knowledge,"Knowledge of concepts, principles, techniques, materials, and equipment for sourcing, processing, managing, monitoring or preserving water resources such as rivers, lakes, oceans, and underground aquifers. This descriptor is measured by knowledge level on a scale of 1-3."
G08,Physical Sciences,Sub-Category,Knowledge,Organized set of principles and practices relating to physical sciences domains.
G08a,Physical Sciences,Similarity Group,Knowledge,
G08a01,Biology,Descriptor,Knowledge,"Knowledge of concepts and principles of living organisms including their structure, function, growth, origin, evolution, distribution and classification and their interdependencies and interactions with each other and the environment, as well as  safe and ethical handling methods and techniques. This descriptor is measured by knowledge level on a scale of 1-3."
G08a02,Chemistry,Descriptor,Knowledge,"Knowledge of the composition, structure, and properties of chemical substances including their interactions, transformations and use, as well as the production techniques, risk factors, and disposal methods. This descriptor is measured by knowledge level on a scale of 1-3."
G08a03,Geoscience,Descriptor,Knowledge,"Knowledge of concepts, principles, methods, and techniques for understanding material quality, physical characteristics, composition, structure, and natural systems, and the evolution of earth, ocean, and atmosphere phenomena. This descriptor is measured by knowledge level on a scale of 1-3."
G08a05,Physics,Descriptor,Knowledge,"Knowledge of concepts, principles, fundamental properties, and laws that govern space, time, energy and matter and of equipment and methods required to study and apply the interactions of objects including atoms, particles and celestial bodies. This descriptor is measured by knowledge level on a scale of 1-3."
G09,Socioeconomic Systems,Sub-Category,Knowledge,Organized set of principles and practices relating to socioeconomics domains.
G09a,Socioeconomic systems,Similarity Group,Knowledge,
G09a01,Arts,Descriptor,Knowledge,"Knowledge of concepts, principles and techniques of artistic expression required to create, compose or produce visual, applied, performing or literary art. This descriptor is measured by knowledge level on a scale of 1-3."
G09a02,Economics,Descriptor,Knowledge,"Knowledge of concepts and principles of the production, distribution, and consumption of goods and services and the methods of analysis including simulation and forecasting techniques. This descriptor is measured by knowledge level on a scale of 1-3."
G09a03,Humanities,Descriptor,Knowledge,"Knowledge of concepts, principles, methods for understanding human social interaction and structures, and events throughout time and their effects on civilizations, cultures and environment. This descriptor is measured by knowledge level on a scale of 1-3."
G09a04,"Library, Conservation, and Heritage",Descriptor,Knowledge,"Knowledge of concepts, principles, techniques, and tools in the classification, storage, retrieval, display and management of documentation and records in various media, museum artifacts or works of fine art. This descriptor is measured by knowledge level on a scale of 1-3."
G09a05,Theology and Philosophy,Descriptor,Knowledge,"Knowledge of concepts and principles of religious and philosophical systems, and of fundamental questioning of existence, reason, values, ethics, ways of thinking, customs, practices and their impact on individuals, human culture and society. This descriptor is measured by knowledge level on a scale of 1-3."
G10,"Technology, Electrical, Material and Mechanical",Sub-Category,Knowledge,"Organized set of principles and practices relating to technology, electrical, material and mechanical."
G10a,"The Technology, Electrical, Material and Mechanical",Similarity Group,Knowledge,
G10a01,Building and Construction,Descriptor,Knowledge,"Knowledge of concepts, principles, methods, materials and tools involved in the construction, maintenance and repair of houses, buildings, or infrastructures such as highways and roads. This descriptor is measured by knowledge level on a scale of 1-3."
G10a02,"Computer, Technology and Information Systems",Descriptor,Knowledge,"Knowledge of concepts, principles, processes, techniques, and tools for technological and digital systems, devices and products, such as hardware or software development, assembling, programming, use, troubleshooting or maintenance. This descriptor is measured by knowledge level on a scale of 1-3."
G10a03,Electrical and Electronics,Descriptor,Knowledge,"Knowledge of concepts, principles, techniques, and tools applied for the development, use, repair and maintenance of electronic and electrical products and devices. This descriptor is measured by knowledge level on a scale of 1-3."
G10a04,Mechanics and Machinery,Descriptor,Knowledge,"Knowledge of parts, standards, and functioning of machines, vehicles, equipment or tools, and techniques used for their repair or maintenance. This descriptor is measured by knowledge level on a scale of 1-3."
G10a05,Telecommunications,Descriptor,Knowledge,"Knowledge of concepts, principles, processes, techniques and tools of the transmission of information via wire, radio, optical fiber or other electromagnetic system for the use, repair, maintenance, control, or operation of telecommunications systems. This descriptor is measured by knowledge level on a scale of 1-3."
G10a06,"Vehicle, Machinery and Equipment Operations",Descriptor,Knowledge,"Knowledge of the parts and functioning of vehicles, machinery or equipment, and of techniques and practices for their safe and efficient use. This descriptor is measured by knowledge level on a scale of 1-3."
G11,Foundational Knowledge,Sub-Category,Knowledge,Organized set of principles and practices that are fundamental to the acquisition of new knowledge.
G11a,Foundational Knowledge,Similarity Group,Knowledge,
G11a01,Languages,Descriptor,Knowledge,"Knowledge of vocabulary, grammar structure and rules, spelling, and pronunciation of words in one or both official languages, Indigenous languages, and non-official languages. This descriptor is measured by knowledge level on a scale of 1-3."
G11a02,Mathematics,Descriptor,Knowledge,"Knowledge of concepts, principles, methods, and applications of arithmetic, algebra, geometry, trigonometry, differential and integral calculus, probability, and statistics. This descriptor is measured by knowledge level on a scale of 1-3."
J,Work Context,Category,Work Context,"Physical, environmental, and social factors that influence the nature of work."
J01,Structural Job Characteristics,Sub-Category,Work Context,The components that define the structural aspect of the job.
J01a,Criticality of Position,Similarity Group,Work Context,
J01a01,Consequence of Error,Descriptor,Work Context,"The impact on outcomes of a mistake, which was not readily correctable, made by the worker. This descriptor is measured by degree of consequence of error on a scale of 1-5."
J01a02,Freedom to Make Decisions,Descriptor,Work Context,The job allows the worker to make decisions without supervision. This descriptor is measured by degree of freedom to make decisions on a scale of 1-5.
J01a03,Frequency of Decision Making,Descriptor,Work Context,"The job requires the worker to make decisions that affect other people, the financial resources, and/or the image and reputation of the organization."
J01a04,Impact of Decisions,Descriptor,Work Context,The impact on the organization or colleagues of the decisions made by the worker (a decision should be understood as a conclusion or resolution reached after consideration). This descriptor is measured by degree of impact on a scale of 1-5.
J01b,Various Challenge Types,Similarity Group,Work Context,
J01b01,Automation,Descriptor,Work Context,"The job requires operation, manipulation or handling of automated systems, processes or machines. This descriptor is measured by degree of automation on a scale of 1-3."
J01b02,Precision,Descriptor,Work Context,The job requires the worker to be exact or accurate. This descriptor is measured by importance on a scale of 1-5.
J01b03,Structured versus Unstructured Work,Descriptor,Work Context,"The extent to which the job is structured for the worker, rather than allowing the worker to determine tasks, priorities, and goals. This descriptor is measured by degree of freedom to determine tasks and priorities on a scale of 1-5."
J01b04,Tasks Repetition,Descriptor,Work Context,The job requires repetitive tasks in the performance of work. This descriptor is measured by importance on a scale of 1-5.
J01c,Pace and Scheduling,Similarity Group,Work Context,
J01c01,Pace Determined by Speed of Equipment,Descriptor,Work Context,"The job requires maintaining pace with the speed of the equipment, machines, or computers. This does not refer to always being occupied while in the position. This descriptor is measured by importance on a scale of 1-5."
J01c02,Time Pressure,Descriptor,Work Context,"The job requires working under pressure, meeting strict deadlines or dealing with competing priorities. This descriptor is measured by frequency on a scale of 1-5 and importance on a scale of 1-5."
J01c03,Type of Work Schedules,Descriptor,Work Context,"The type of schedule usually required for the job. This descriptor is measured by regular, irregular, or seasonal on a scale of 1-3."
J01c04,Work Week Duration,Descriptor,Work Context,Number of hours typically worked over a period of 7 days. This descriptor is measured by number of hours on a scale of 1-3.
J01d,Level of Competition,Similarity Group,Work Context,
J01d01,Competition,Descriptor,Work Context,The job requires to compete against co-workers or to be aware of competitive pressure between them or between businesses within the same industry. This descriptor is measured by degree of competition on a scale of 1-5.
J02,Physical Work Environment,Sub-Category,Work Context,The physical surroundings in which the worker performs their job.
J02a,Exposure to Job Hazards,Similarity Group,Work Context,
J02a01,Dangerous Locations,Descriptor,Work Context,"The job requires working in locations that are inherently treacherous and are potential sources of injury. Such work locations include among others, construction sites, underground sites, erected support structures, and marine environments."
J02a02,"Fire, Steam, Hot Surfaces",Descriptor,Work Context,"The job requires being exposed to fire (rather than being exposed to flammable substances that may ignite), to emissions of steam or to intensely hot surfaces that are potential sources of injury."
J02a03,"Flying Particles, Falling Objects",Descriptor,Work Context,"The job requires being exposed to flying particles and falling objects or materials in the work environment that pose the risk of bodily injury. Flying particles refer to particles such as wood chips, metal particles, and rock chips generated by the handling, crushing, grinding, rapid impact, or explosion of materials."
J02a04,Hazardous Conditions,Descriptor,Work Context,"The job requires being exposed to conditions that involves risks of accidents such as high voltage electricity, flammable material, or explosives. This descriptor is measured by frequency on a scale of 1-5."
J02a05,"Hazardous Equipment, Machinery, Tools",Descriptor,Work Context,"The job requires working near or with equipment, instruments, machinery, or power/hand tools that may be a potential source of accident or injury."
J02a06,High Places,Descriptor,Work Context,"The job requires being exposed to elevated places such as poles, scaffolding, catwalks, or ladders longer than two meters in length. This descriptor is measured by frequency on a scale of 1-5."
J02a07,Radiation,Descriptor,Work Context,"The job requires being exposed to ionizing radiation such as X-rays and radioactive substances or non-ionizing radiation such as radio frequencies and infrared, ultraviolet or visible light that may affect health adversely. This descriptor is measured by frequency on a scale of 1-5."
J02a08,"Cramped Work Space, Awkward Positions",Descriptor,Work Context,The job requires working in confined space that requires getting into uncomfortable positions.
J02a09,Skin Injury,Descriptor,Work Context,"The job requires being exposed to the risks of minor burns, cuts, bites, or stings. This descriptor is measured by frequency on a scale of 1-5."
J02b,Work Setting,Similarity Group,Work Context,
J02b01,In an Enclosed Vehicle or Equipment,Descriptor,Work Context,"The job requires working in a closed vehicle or equipment (e.g., car, truck or heavy equipment). This descriptor is measured by frequency on a scale of 1-5 and duration on a scale of 1-5."
J02b02,In an Open Vehicle or Equipment,Descriptor,Work Context,"The job requires working in an open vehicle or equipment (e.g., tractor). This descriptor is measured by frequency on a scale of 1-5 and duration on a scale of 1-5."
J02b03,"Indoors, Environmentally Controlled",Descriptor,Work Context,The job requires working inside a building with controlled temperature and humidity conditions. This descriptor is measured by frequency on a scale of 1-5 and duration on a scale of 1-5.
J02b04,"Indoors, Not Environmentally Controlled",Descriptor,Work Context,"The job requires working inside a building where the temperature and humidity are not controlled (e.g., warehouse without heat). This descriptor is measured by frequency on a scale of 1-5 and in duration on a scale of 1-5."
J02b05,"Outside, Exposed to Weather",Descriptor,Work Context,The job requires working outdoors and being subject to variations in weather conditions and seasonal weather patterns. This descriptor is measured by frequency on a scale of 1-5 and duration on a scale of 1-5.
J02b06,"Outside, Under Cover",Descriptor,Work Context,"The job requires working outdoors, protected from variations in weather conditions and seasonal weather patterns by a covered space (e.g., structure with roof but no walls). This descriptor is measured by frequency on a scale of 1-5 and duration on a scale of 1-5."
J02b07,Physical Proximity,Descriptor,Work Context,The job requires performing tasks while being physically close to other people. This descriptor is measured by physical distance from others on a scale of 1-5.
J02c,Environmental Conditions,Similarity Group,Work Context,
J02c01,Biological Agents,Descriptor,Work Context,"The job requires being exposed to bacteria, viruses and fungi that may cause illness due to direct or indirect contact. This descriptor is measured by frequency on a scale of 1-5."
J02c02,Dangerous Chemical Substances,Descriptor,Work Context,"The job requires being exposed to contaminants, such as pollutants, gases or dust, through inhalation, ingestion, or contact with skin. This descriptor is measured by frequency on a scale of 1-5."
J02c03,Vibration,Descriptor,Work Context,The job requires being exposed to oscillating or quivering motion of the body while performing tasks. This descriptor is measured by frequency on a scale of 1-5.
J02c04,Sound and Noise,Descriptor,Work Context,"The job requires being exposed to sound and noise levels that are distracting or uncomfortable, regardless of the equipment used by the workers. This descriptor is measured by frequency on a scale of 1-5 and duration on a scale of 1-5."
J02c05,Extremely Bright or Inadequate Lighting,Descriptor,Work Context,The job requires working in extremely bright or inadequate lighting conditions. This descriptor is measured by frequency on a scale of 1-5.
J02c06,Extreme Temperatures,Descriptor,Work Context,The job requires being exposed to very hot (above 32.2 °C) or very cold (below 0 °C) temperatures. This descriptor is measured by frequency on a scale of 1-5.
J02c07,Odours,Descriptor,Work Context,"The job requires being exposed to noxious, intense or prolonged odours."
J02d,Safety Equipment Required,Similarity Group,Work Context,
J02d01,Specialized Safety Equipment,Descriptor,Work Context,"The job requires wearing specialized protective or safety equipment such as breathing apparatus, safety harness, full protection suits, or radiation protection. This descriptor is measured by frequency on a scale of 1-5."
J02d02,Standard Safety Equipment,Descriptor,Work Context,"The job requires wearing common protective or safety equipment such as safety shoes, glasses, gloves, hard hats, or life jackets. This descriptor is measured by frequency on a scale of 1-5."
J03,Physical Demands,Sub-Category,Work Context,The physical activities the job requires the worker to do.
J03a,Body Positioning,Similarity Group,Work Context,
J03a01,Bending or Twisting the Body,Descriptor,Work Context,The job requires leaning forwards or backwards or moving the body torsionally. This descriptor is measured by duration on a scale of 1-5.
J03a02,Climbing,Descriptor,Work Context,"The job requires going up and down ladders, scaffolds, or poles. This descriptor is measured by duration on a scale of 1-5."
J03a03,Crawling,Descriptor,Work Context,"The job requires moving in a prone position, with the body resting on or close to the ground, on the hands and knees."
J03a04,Crouching,Descriptor,Work Context,The job requires powering the body stance by bending the legs.
J03a05,Handling Material Manually,Descriptor,Work Context,"The job requires using your hands to handle, control, or feel objects, tools, or controls (excluding mouse and keyboard). This descriptor is measured by duration on a scale of 1-5."
J03a06,Keeping or Regaining Balance,Descriptor,Work Context,The job requires maintaining your body in a steady position or recovering balance. This descriptor is measured by duration on a scale of 1-5.
J03a07,Kneeling,Descriptor,Work Context,The job requires positioning the body so that one or both knees rest on the floor.
J03a08,Making Repetitive Motions,Descriptor,Work Context,The job requires repeating the same movement. This descriptor is measured by duration on a scale of 1-5.
J03a09,Sitting,Descriptor,Work Context,The job requires being in a position where the body weight is supported by the buttocks. This descriptor is measured by duration on a scale of 1-5.
J03a10,Standing,Descriptor,Work Context,The job requires maintaining an upright position supported by one’s feet. This descriptor is measured by duration on a scale of 1-5.
J03a11,Walking and Running,Descriptor,Work Context,The job requires lifting and setting down each foot in turn in order to move forward at a certain pace. This descriptor is measured by duration on a scale of 1-5.
J03a12,Reaching,Descriptor,Work Context,The job requires extending one or both arms to grasp or touch a person or an object.
J03a13,Stooping,Descriptor,Work Context,"The job requires standing or walking with an inclination of the head, body, or shoulders."
J03a14,Keyboarding,Descriptor,Work Context,The job requires using a panel of keys for typing on an electronic device or computer.
J03b,Body Exertion,Similarity Group,Work Context,
J03b01,Carrying,Descriptor,Work Context,The job requires holding things while moving.
J03b02,Lifting,Descriptor,Work Context,The job requires raising an object using the hands and arms.
J03b03,Pulling,Descriptor,Work Context,The job requires taking hold of an object to move it toward oneself.
J03b04,Pushing,Descriptor,Work Context,The job requires exerting force in order to move an object forward.
J03c,Speaking and Seeing,Similarity Group,Work Context,
J03c01,Speaking,Descriptor,Work Context,The job requires conveying information in spoken language.
J03c02,Visual Acuity,Descriptor,Work Context,The job requires distinguishing fine details in things or in the environment.
J04,Interpersonal Relations,Sub-Category,Work Context,The human interactions required to perform the job.
J04a,Job interactions,Similarity Group,Work Context,
J04a01,Conflict Situations,Descriptor,Work Context,"The job requires being confronted with disputes or disagreements with or between customers, employees, or other parties. This descriptor is measured by frequency on a scale of 1-5."
J04a02,Contact with Others,Descriptor,Work Context,"The job requires being in contact with others (face-to-face, by telephone, or otherwise) to perform tasks. This descriptor is measured by frequency on a scale of 1-5 and in duration on a scale of 1-5."
J04a03,Coordinating or Leading Others,Descriptor,Work Context,The job requires providing guidance or direction to co-workers or subordinates in accomplishing work activities. This descriptor is measured by importance on a scale of 1-5.
J04a04,Deal With External Customers,Descriptor,Work Context,"The job requires working with members outside of the organization, including clients and the public. This descriptor is measured by importance on a scale of 1-5."
J04a05,Work with Work Group or Team,Descriptor,Work Context,The job requires working with others in a group or team. This descriptor is measured by frequency on a scale of 1-5 and in importance on a scale of 1-5.
J04a06,Deal with Physically Aggressive People,Descriptor,Work Context,The job requires dealing with individuals that have violent behaviour. This descriptor is measured by frequency on a scale of 1-5.
J04a07,Dealing With Unpleasant or Angry People,Descriptor,Work Context,"The job requires dealing with disagreeable, furious, or discourteous individuals. This descriptor is measured by frequency on a scale of 1-5."
J04b,Communication Methods,Similarity Group,Work Context,
J04b01,Electronic Mail,Descriptor,Work Context,The job requires the use of an electronic communication device to send and receive messages. This descriptor is measured by frequency on a scale of 1-5.
J04b02,Face-to-Face Discussions,Descriptor,Work Context,The job requires having in-person discussions with individuals or teams. This descriptor is measured by frequency on a scale of 1-5.
J04b03,Written Communications,Descriptor,Work Context,The job requires producing administrative or creative written communications. This descriptor is measured by frequency on a scale of 1-5.
J04b04,Public Speaking,Descriptor,Work Context,The job requires delivering speeches to an audience (a minimum of five persons). This descriptor is measured by frequency on a scale of 1-5.
J04b05,Telephone,Descriptor,Work Context,The job requires communicating with others by using a telephone or hand-held radios. This descriptor is measured by frequency on a scale of 1-5.
J04b06,Videoconference,Descriptor,Work Context,The job requires using videoconference software to participate in meetings and conversations.
J04c,Interpersonal Responsibilities,Similarity Group,Work Context,
J04c01,Responsibility for Outcomes and Results of Other Workers,Descriptor,Work Context,The job requires assuming the responsibility for the end product and effects of other workers’ work. This descriptor is measured by degree of responsibility on a scale of 1-5.
J04c02,Responsible for Others' Health and Safety,Descriptor,Work Context,"The job requires ensuring the health, safety and security of others. This descriptor is measured by degree of responsibility on a scale of 1-5."
K,Work Activities,Category,Work Activities,General types of work-related activities.
K01,Information-Oriented Activities,Sub-Category,Work Activities,Information and data management and processing activities that are necessary to meet the requirements of the job.
K01a,Looking for and Receiving Job-Related Information,Similarity Group,Work Activities,
K01a01,Getting Information,Descriptor,Work Activities,"Observing, receiving, or obtaining information from all relevant sources. This descriptor is measured by complexity level on a scale of 1-5."
K01a02,"Monitoring Processes, Materials, or Surroundings",Descriptor,Work Activities,"Tracking and reviewing information from materials, events, or the environment to detect or assess problems and progress. This descriptor is measured by complexity level on a scale of 1-5."
K01a03,Document Use,Descriptor,Work Activities,"Reading, understanding, retaining, and using relevant information from texts, numbers, symbols, graphics, and images in electronic or paper format."
K01a04,Information Synthesis,Descriptor,Work Activities,Gather information from multiple sources into a coherent whole and summarize it.
K01a05,Comparing,Descriptor,Work Activities,"Determining the functional or structural characteristics of data, people, or things by finding similarities and differences from a model or established standards."
K01a06,Analyzing Data or Information,Descriptor,Work Activities,"Identifying the underlying principles, reasons, or facts of information by breaking down information or data into separate parts. This descriptor is measured by complexity level on a scale of 1-5."
K01a07,Developing Technical Instructions,Descriptor,Work Activities,"Providing documentation, detailed instructions, drawings, or specifications to tell others about how devices, parts, equipment, or structures are to be fabricated, constructed, assembled, modified, maintained, or used. This descriptor is measured by complexity level on a scale of 1-5."
K01a08,Clerical Activities,Descriptor,Work Activities,"Entering, transcribing, recording, storing, or maintaining all types of information in written or electronic form. This descriptor is measured by complexity level on a scale of 1-5."
K01b,Identifying and Evaluating Job-Relevant Information,Similarity Group,Work Activities,
K01b01,"Identifying Objects, Actions, and Events",Descriptor,Work Activities,"Identifying information by categorizing, recognizing differences or similarities, measuring, investigating, and detecting changes in circumstances or events. This descriptor is measured by complexity level on a scale of 1-5."
K01b02,Estimating the Quantifiable Characteristics,Descriptor,Work Activities,"Estimating cost, resources or materials needed to perform a work activity. This descriptor is measured by complexity level on a scale of 1-5."
K01b03,"Inspecting Equipment, Structures, or Material",Descriptor,Work Activities,"Inspecting equipment, structures, or material to identify the cause of errors, problems or defects. This descriptor is measured by complexity level on a scale of 1-5."
K01b04,Processing Information,Descriptor,Work Activities,"Compiling, categorizing, tabulating, auditing, or verifying information or data. This descriptor is measured by complexity level on a scale of 1-5."
K02,Physically-Oriented Activities,Sub-Category,Work Activities,"The physical activities that are performed, equipment and vehicles that are operated, or any other technical activities accomplished to meet the requirements of the job."
K02a,Performing Physical and Manual Work Activities,Similarity Group,Work Activities,
K02a01,Handling and Moving Objects,Descriptor,Work Activities,"Using hands and arms to install, fabricate and, repair objects; or to move or manipulate objects and materials (excluding construction occupations). This descriptor is measured by complexity level on a scale of 1-5."
K02a02,"Operating Vehicles, Mechanized Devices, or Equipment",Descriptor,Work Activities,"Manoeuvring, navigating, or driving vehicles or mechanized equipment, such as forklifts, passenger vehicles, aircraft, or watercraft. This descriptor is measured by complexity level on a scale of 1-5."
K02a03,Constructing,Descriptor,Work Activities,"Joining building materials into a structure, applying interior or exterior finishes or installing building systems according to specifications and plans."
K02a04,Controlling Machines and Processes,Descriptor,Work Activities,Using mechanisms or physical activity to control the operation of machines or processes (excluding computers or vehicles). This descriptor is measured by complexity level on a scale of 1-5.
K02a05,Manipulating - Operating,Descriptor,Work Activities,"Using hand-held and power tools or special devices to move, remove, guide, install and place objects or materials."
K02a06,Sorting,Descriptor,Work Activities,"Handling, retrieving, sorting, separating, or arranging materials or information, according to established patterns or procedures."
K02a07,Catering,Descriptor,Work Activities,Preparing or cooking food and beverage by combining ingredients.
K02a08,Performing Janitorial Services,Descriptor,Work Activities,"Cleaning and maintaining commercial, public, or private places."
K02a09,Performing General Physical Activities,Descriptor,Work Activities,"Performing physical activities that require use of your arms and legs and moving your whole body, such as climbing, lifting, balancing, walking, stooping, and handling materials. This descriptor is measured by complexity level on a scale of 1-5."
K02b,Performing Complex and Technical Activities,Similarity Group,Work Activities,
K02b01,Debugging and Reprogramming,Descriptor,Work Activities,"Modifying systems through upgrading, amending procedures, or correcting faults."
K02b02,Artistic Designing,Descriptor,Work Activities,"Creating and designing artistic drawing and visual representation, and arranging displays, exhibits or decorations."
K02b03,Electronic Maintenance,Descriptor,Work Activities,"Servicing, repairing, calibrating, regulating, fine-tuning, or testing machines, devices, and equipment that operate on electrical or electronic principles. This descriptor is measured by complexity level on a scale of 1-5."
K02b04,Interacting with Computers,Descriptor,Work Activities,"Using computers and computer systems (including hardware and software), and equipment with digital interface to program, write software, set up functions, enter data, process information, or control machines. This descriptor is measured by complexity level on a scale of 1-5."
K02b05,Mechanical Maintenance,Descriptor,Work Activities,"Servicing, repairing, adjusting, or testing machines, devices, moving parts, and equipment that operate on mechanical principles. This descriptor is measured by complexity level on a scale of 1-5."
K02b06,Writing or Composing,Descriptor,Work Activities,Writing or composing original material using symbols such as letters of the alphabet or musical notation to communicate thoughts and ideas in a readable or audible form.
K03,Mental Process-Oriented Activities,Sub-Category,Work Activities,"The processing, planning, problem solving, and decision-making activities that are necessary for the overall completion of a job."
K03a,Information and Data Processing,Similarity Group,Work Activities,
K03a01,Judging Quality,Descriptor,Work Activities,"Assessing the value, importance or quality of materials, products, services or people. This descriptor is measured by complexity level on a scale of 1-5."
K03a02,Evaluating Information to Determine Compliance,Descriptor,Work Activities,"Using relevant information and individual judgment to determine whether events or processes comply with laws, regulations or standards. This descriptor is measured by complexity level on a scale of 1-5."
K03a03,Calculating,Descriptor,Work Activities,"Performing, interpreting, and reporting mathematical operations as part of work tasks."
K03b,Reasoning and Decision Making,Similarity Group,Work Activities,
K03b01,Making Decisions,Descriptor,Work Activities,Choose the best solution based on the analysis of information and the evaluation of potential results. This descriptor is measured by complexity level on a scale of 1-5.
K03b02,Thinking Creatively,Descriptor,Work Activities,"Generating innovative or creative ideas to develop or design new application, products, including artistic contributions. This descriptor is measured by complexity level on a scale of 1-5."
K03b03,Developing Objectives and Strategies,Descriptor,Work Activities,"Define and establish medium to long-term objectives, and determine strategies and actions to achieve them. This descriptor is measured by complexity level on a scale of 1-5."
K03b04,Applying New Knowledge,Descriptor,Work Activities,Keep up-to-date on relevant theorical and technical knowledge and apply them at work. This descriptor is measured by complexity level on a scale of 1-5.
K03b05,Examining and Diagnosing,Descriptor,Work Activities,"Assessing the human, animal, technical, or scientific dimensions of a problem through examination or diagnostic testing in order to determine its root cause and appropriate intervention (excluding all forms of interviews)."
K03b06,Managing Resources,Descriptor,Work Activities,"Determining, acquiring, monitoring and controlling any kind of resources and overseeing the spending of money. This descriptor is measured by complexity level on a scale of 1-5."
K03b07,Planning and Organizing,Descriptor,Work Activities,Developing specific goals and plans to prioritize and organize tasks to get the work done. This descriptor is measured by complexity level on a scale of 1-5.
K03b08,Scheduling Work and Activities,Descriptor,Work Activities,"Scheduling events, programs, and activities, as well as the work of others. This descriptor is measured by complexity level on a scale of 1-5."
K04,People-Oriented Activities,Sub-Category,Work Activities,The activities where social interaction with others is necessary to meet the requirements of the job.
K04a,Communicating and Interacting,Similarity Group,Work Activities,
K04a01,Communicating with Coworkers,Descriptor,Work Activities,"Sharing or providing information or advice to management, supervisors, co-workers and subordinates on work related topics. This descriptor is measured by complexity level on a scale of 1-5."
K04a02,Coordinating the Work and Activities of Others,Descriptor,Work Activities,Getting members of a group to work together to accomplish tasks. This descriptor is measured by complexity level on a scale of 1-5.
K04a03,Facilitating Group Discussion,Descriptor,Work Activities,"Encouraging exchanges by facilitating participation in group interviews and discussions to improve dialogue, decision making or problem solving."
K04a04,Interpreting the Meaning of Information for Others,Descriptor,Work Activities,Translating or explaining what information means and how it can be used. This descriptor is measured by complexity level on a scale of 1-5.
K04a05,Protecting and Enforcing,Descriptor,Work Activities,"Responding to public safety, security and cybersecurity needs, and promoting and ensuring compliance to rules, standards or laws to protect the general population from all kinds of significant danger (excluding medical treatments)."
K04a06,Communicating with Persons Outside Organization,Descriptor,Work Activities,"Sharing or exchanging information with people outside the organization, representing the organization to customers, the public, government or other external sources. This descriptor is measured by complexity level on a scale of 1-5."
K04a07,Establishing and Maintaining Interpersonal Relationships,Descriptor,Work Activities,"Developing respectful, constructive, and cooperative working relationships with others, and maintaining them over time. This descriptor is measured by complexity level on a scale of 1-5."
K04a08,Selling or Influencing Others,Descriptor,Work Activities,"Convincing others to buy goods or services, or to change their minds or actions. This descriptor is measured by complexity level on a scale of 1-5."
K04a09,Performing for or Working Directly with the Public,Descriptor,Work Activities,Working or interacting directly with the public or performing for public audiences. This descriptor is measured by complexity level on a scale of 1-5.
K04a11,Interviewing,Descriptor,Work Activities,Conduct formal interviews with individual or group to collect information or opinions (excluding interviews for the purpose of staffing or recruitment).
K04a12,Assisting and Caring for Others,Descriptor,Work Activities,"Providing personal assistance, medical attention, emotional support, or other care to customers, clients, or patients. This descriptor is measured by complexity level on a scale of 1-5."
K04b,"Coordinating, Developing, Managing, and Advising",Similarity Group,Work Activities,
K04b01,Coaching and Developing Others,Descriptor,Work Activities,"Identifying the developmental needs of others and coaching, mentoring, or otherwise helping others to improve their knowledge or skills. This descriptor is measured by complexity level on a scale of 1-5."
K04b02,Providing Consultation and Advice,Descriptor,Work Activities,"Providing guidance and expert advice to management or other groups on technical, systems, or process related topics. This descriptor is measured by complexity level on a scale of 1-5."
K04b03,Resolving Conflicts and Negotiating with Others,Descriptor,Work Activities,"Handling complaints, settling disputes, and resolving grievances and conflicts, or otherwise negotiating with others. This descriptor is measured by complexity level on a scale of 1-5."
K04b04,Supervising Subordinates,Descriptor,Work Activities,"Provide guidance and direction to subordinates, including the establishment of work outcomes for performance monitoring. This descriptor is measured by complexity level on a scale of 1-5."
K04b05,Team Building,Descriptor,Work Activities,"Encouraging and building mutual trust, respect, and cooperation among team members. This descriptor is measured by complexity level on a scale of 1-5."
K04b06,Training and Teaching,Descriptor,Work Activities,"Identifying the educational needs of others, developing formal educational or training programs or classes, and teaching or instructing others. This descriptor is measured by complexity level on a scale of 1-5."
K04c,Performing Administrative Activities,Similarity Group,Work Activities,
K04c01,Staffing,Descriptor,Work Activities,"Recruiting, interviewing, selecting, hiring, and promoting employees in an organization (excluding non-recruitment interviews). This descriptor is measured by complexity level on a scale of 1-5."
